pid,name,country_of_origin
1,Tomato - Peeled Italian Canned,Brazil
2,Cake - Dulce De Leche,Poland
3,Food Colouring - Red,Indonesia
4,"Jam - Marmalade, Orange",Russia
5,"Lamb - Shoulder, Boneless",Vietnam
6,Cookies Oatmeal Raisin,Zimbabwe
7,Beer - Rickards Red,Malta
8,Cheese - Le Cheve Noir,Russia
9,"Salmon - Smoked, Sliced",Togo
10,Eggroll,Brazil
11,Squash - Pepper,Yemen
12,Olives - Nicoise,Poland
13,Beef - Inside Round,Czech Republic
14,Cookies - Englishbay Wht,China
15,Wine - Alicanca Vinho Verde,Russia
16,Sauce - Demi Glace,Greece
17,Soup - Campbells Pasta Fagioli,Nigeria
18,Longos - Penne With Pesto,Mexico
19,Beer - Pilsner Urquell,China
20,Peppercorns - Green,Palestinian Territory
21,Tuna - Fresh,Indonesia
22,Beans - Soya Bean,United States
23,Oil - Olive,Malaysia
24,Spice - Onion Powder Granulated,Philippines
25,"Bread - White, Sliced",China
26,Sugar - Palm,Japan
27,"Rum - Cream, Amarula",Brazil
28,Chocolate - Dark,Indonesia
29,Beer - Moosehead,Brazil
30,Bar - Sweet And Salty Chocolate,China
31,Juice - Orangina,China
32,Buffalo - Short Rib Fresh,China
33,Vacuum Bags 12x16,Colombia
34,Containter - 3oz Microwave Rect.,Brazil
35,Cups 10oz Trans,Russia
36,Dawn Professionl Pot And Pan,Panama
37,Ocean Spray - Kiwi Strawberry,Ivory Coast
38,Otomegusa Dashi Konbu,Uganda
39,Cardamon Ground,Russia
40,Straw - Regular,Russia
41,Muffin - Mix - Creme Brule 15l,Poland
42,Beef - Short Loin,Central African Republic
43,Glass Clear 7 Oz Xl,Argentina
44,Pepperoni Slices,New Zealand
45,Wine - Chateau Aqueria Tavel,United States
46,"Cheese - Cheddar, Medium",China
47,Bread - Raisin,Sweden
48,Wine - Baron De Rothschild,China
49,Bay Leaf,United States
50,Island Oasis - Strawberry,China
51,"Stock - Veal, Brown",China
52,Bread - Hamburger Buns,Mexico
53,Sausage - Liver,Brazil
54,Kolrabi,Mongolia
55,Loquat,China
56,Puree - Blackcurrant,Serbia
57,Slt - Individual Portions,Poland
58,Beef - Striploin Aa,Panama
59,Nantucket - 518ml,Puerto Rico
60,Rice - Long Grain,Brazil
61,Jack Daniels,Mexico
62,Broom And Broom Rack White,Ukraine
63,Smoked Paprika,Russia
64,Peas - Frozen,Ukraine
65,Dasheen,United States
66,Veal Inside - Provimi,China
67,Table Cloth 90x90 White,Nigeria
68,Fond - Chocolate,Colombia
69,Flavouring - Orange,Indonesia
70,Cake - Box Window 10x10x2.5,China
71,"Pork - Bacon, Sliced",China
72,Ice Cream Bar - Hageen Daz To,Tajikistan
73,Bread Bowl Plain,Ukraine
74,"Cherries - Maraschino,jar",United States
75,Muffin - Mix - Bran And Maple 15l,Peru
76,Mayonnaise,Indonesia
77,Rum - Mount Gay Eclipes,Indonesia
78,Bread - Mini Hamburger Bun,France
79,Calvados - Boulard,Indonesia
80,Ecolab - Lime - A - Way 4/4 L,Brazil
81,Ice Cream - Vanilla,Philippines
82,Nantuket Peach Orange,China
83,Eggplant Italian,United States
84,Curry Powder,Indonesia
85,"Nut - Almond, Blanched, Ground",Brazil
86,Tea - Camomele,Peru
87,Sauce - Caesar Dressing,France
88,"Red Snapper - Fillet, Skin On",China
89,"Sparkling Wine - Rose, Freixenet",China
90,Rosemary - Fresh,Russia
91,Cookie Choc,China
92,Garlic - Elephant,Japan
93,Calypso - Black Cherry Lemonade,Sweden
94,Wine - Sawmill Creek Autumn,Indonesia
95,Sage - Fresh,China
96,Pasta - Fusili Tri - Coloured,Argentina
97,Hersey Shakes,Brazil
98,Scotch - Queen Anne,Sri Lanka
99,Tart - Lemon,Indonesia
100,Wine - Shiraz Wolf Blass Premium,Tunisia
101,Blue Curacao - Marie Brizard,China
102,Chocolate - Compound Coating,Sweden
103,Bread - Petit Baguette,Peru
104,Pastry - Key Limepoppy Seed Tea,Zimbabwe
105,"Pork - Loin, Center Cut",Dominican Republic
106,Calypso - Black Cherry Lemonade,Albania
107,Milk - 1%,Philippines
108,"Salsify, Organic",Russia
109,Island Oasis - Strawberry,Peru
110,Pepper - Pablano,Japan
111,Juice - Mango,Philippines
112,Cheese - Comtomme,France
113,Wine - Semi Dry Riesling Vineland,Palestinian Territory
114,Boogies,Japan
115,Beef - Top Sirloin,Russia
116,Icecream Bar - Del Monte,Brazil
117,Coconut Milk - Unsweetened,Peru
118,Wine - Sauvignon Blanc,United States
119,Wine - Black Tower Qr,Indonesia
120,"Juice - Apple, 341 Ml",China
121,"Wine - Cahors Ac 2000, Clos",Russia
122,Wine - Placido Pinot Grigo,Sweden
123,Tomato - Plum With Basil,Guatemala
124,"Chilli Paste, Ginger Garlic",Mexico
125,Peach - Fresh,Russia
126,Ice Cream - Strawberry,Mali
127,Cheese - Ricotta,Pakistan
128,"Pepper - Green, Chili",Indonesia
129,Soup - Campbells - Chicken Noodle,Afghanistan
130,Pastry - Chocolate Marble Tea,Poland
131,Muffin Mix - Morning Glory,Tanzania
132,Pork Ham Prager,Indonesia
133,Flour - Rye,Russia
134,Syrup - Monin - Blue Curacao,United States
135,Wine - Cotes Du Rhone,Portugal
136,Onions - Spanish,Sweden
137,Oil - Peanut,Russia
138,"Chicken - Leg, Fresh",Namibia
139,Onions - Vidalia,Indonesia
140,Veal - Ground,Albania
141,"Apple - Delicious, Golden",Costa Rica
142,"Pepper - Red, Finger Hot",Ireland
143,Pastry - Plain Baked Croissant,China
144,Puree - Passion Fruit,Russia
145,Salt And Pepper Mix - Black,China
146,Beans - Wax,China
147,Sugar - Invert,China
148,Lettuce - Belgian Endive,Poland
149,Chip - Potato Dill Pickle,Afghanistan
150,Flavouring - Orange,Uruguay
151,"Juice - Tomato, 10 Oz",Philippines
152,"Turkey - Breast, Boneless Sk On",Russia
153,Oil - Olive,Poland
154,V8 - Tropical Blend,Indonesia
155,Chicken Breast Wing On,Philippines
156,Beer - Guiness,Poland
157,Mahi Mahi,China
158,Salt - Seasoned,Philippines
159,Barramundi,France
160,Soup V8 Roasted Red Pepper,Ireland
161,Wine - Trimbach Pinot Blanc,Namibia
162,Soap - Hand Soap,Nigeria
163,Crab - Meat,Latvia
164,Cheese - Pied De Vents,China
165,"Nut - Walnut, Pieces",Poland
166,Papadam,France
167,Wine - Ej Gallo Sierra Valley,Russia
168,Tofu - Soft,Colombia
169,"Pasta - Detalini, White, Fresh",China
170,"Capon - Breast, Double, Wing On",China
171,Sauce Tomato Pouch,Russia
172,Bread - Sour Sticks With Onion,Japan
173,"Juice - Apple, 1.36l",Afghanistan
174,Towels - Paper / Kraft,Argentina
175,"Soup - Campbells, Chix Gumbo",Indonesia
176,"Beans - Navy, Dry",France
177,Zucchini - Green,Russia
178,Sauce - Demi Glace,Argentina
179,Muffins - Assorted,Russia
180,Grapefruit - Pink,Canada
181,French Kiss Vanilla,Cyprus
182,Bag Stand,Philippines
183,Whmis - Spray Bottle Trigger,Indonesia
184,Cookies - Fortune,South Africa
185,Cheese - Pied De Vents,Russia
186,Beans - Kidney White,China
187,"Wine - Red, Cabernet Merlot",Philippines
188,Beer - True North Lager,Japan
189,Tea - Herbal Sweet Dreams,Armenia
190,Wine - Shiraz South Eastern,Indonesia
191,Pastry - Baked Cinnamon Stick,China
192,Sambuca Cream,Norway
193,Cake - Bande Of Fruit,China
194,Cheese - Blue,Russia
195,Radish - Pickled,Iran
196,Fond - Neutral,Malta
197,Baking Soda,Peru
198,Eel - Smoked,Afghanistan
199,"Chilli Paste, Hot Sambal Oelek",Peru
200,Irish Cream - Baileys,Colombia
201,Salmon - Sockeye Raw,Russia
202,Sping Loaded Cup Dispenser,Indonesia
203,Onion - Dried,Portugal
204,"Basil - Dry, Rubbed",Peru
205,Juice - Lime,Argentina
206,Pork - Sausage Casing,Poland
207,V8 Pet,Brazil
208,Longos - Assorted Sandwich,Bulgaria
209,Pork Ham Prager,Peru
210,Flour Pastry Super Fine,China
211,Miso - Soy Bean Paste,China
212,"Wine - Red, Pinot Noir, Chateau",Poland
213,Eggwhite Frozen,Peru
214,"Soup - Knorr, Chicken Gumbo",Afghanistan
215,"Napkin - Cocktail,beige 2 - Ply",Mexico
216,Mustard Prepared,Peru
217,Cleaner - Pine Sol,Japan
218,Scallops - Live In Shell,Peru
219,"Chocolate - Milk, Callets",Madagascar
220,"Chicken - Base, Ultimate",Russia
221,Apple - Granny Smith,Japan
222,Olive - Spread Tapenade,China
223,Tomatoes,Mexico
224,Halibut - Steaks,Russia
225,Nougat - Paste / Cream,Indonesia
226,"Shrimp, Dried, Small / Lb",Portugal
227,Easy Off Oven Cleaner,Serbia
228,Shark - Loin,Indonesia
229,Star Fruit,United States
230,"Nut - Almond, Blanched, Ground",Indonesia
231,Ginger - Ground,Burundi
232,Avocado,Argentina
233,Cognac - Courvaisier,China
234,Papadam,United States
235,"Mushroom - Trumpet, Dry",Thailand
236,"Crab - Dungeness, Whole",Iran
237,Cocoa Powder - Dutched,Philippines
238,"Nut - Almond, Blanched, Sliced",Poland
239,Flour - Semolina,Portugal
240,Yucca,Thailand
241,Sugar - Invert,France
242,Momiji Oroshi Chili Sauce,Russia
243,Tray - 16in Rnd Blk,Cuba
244,"Pork - Loin, Center Cut",Indonesia
245,Bread - Raisin,Russia
246,Kippers - Smoked,Russia
247,Chicken - Bones,China
248,Baking Soda,Philippines
249,Cake - Dulce De Leche,Colombia
250,Mudslide,Namibia
251,Grapefruit - White,Indonesia
252,Longos - Penne With Pesto,Colombia
253,Island Oasis - Magarita Mix,France
254,"Bread - Sticks, Thin, Plain",Nigeria
255,"Juice - Pineapple, 48 Oz",Colombia
256,Cape Capensis - Fillet,China
257,Cheese - Roquefort Pappillon,Portugal
258,Butter Ripple - Phillips,China
259,"Salmon - Whole, 4 - 6 Pounds",Brazil
260,Guinea Fowl,Mexico
261,Appetizer - Assorted Box,Nigeria
262,Lemons,Portugal
263,Soup - Campbells Pasta Fagioli,Malta
264,"Wine - White, Riesling, Semi - Dry",Philippines
265,Muffin Puck Ww Carrot,China
266,Sunflower Seed Raw,France
267,Isomalt,China
268,Flavouring - Rum,Poland
269,Cheese - Colby,Ukraine
270,Soup - Campbells Asian Noodle,China
271,Lettuce - Boston Bib,Canada
272,Raspberries - Fresh,Indonesia
273,Coffee - Ristretto Coffee Capsule,China
274,Rosemary - Dry,Indonesia
275,Pail For Lid 1537,Indonesia
276,Wine - Zinfandel California 2002,China
277,Wild Boar - Tenderloin,China
278,Muffin Orange Individual,Russia
279,"Nut - Almond, Blanched, Whole",Indonesia
280,Spice - Pepper Portions,Czech Republic
281,Wine - Remy Pannier Rose,Poland
282,Wine - Vineland Estate Semi - Dry,Indonesia
283,Table Cloth 62x120 White,Russia
284,"Soup - Campbells, Cream Of",Ukraine
285,Bread Bowl Plain,Iran
286,"Bread - Roll, Whole Wheat",China
287,Island Oasis - Ice Cream Mix,China
288,Juice - Lagoon Mango,Sweden
289,Cheese - Swiss Sliced,Malaysia
290,Trueblue - Blueberry Cranberry,United States
291,"Turkey - Breast, Double",United Kingdom
292,Sour Puss Raspberry,China
293,Pastry - Banana Muffin - Mini,China
294,Langers - Cranberry Cocktail,Japan
295,Appetizer - Mushroom Tart,Indonesia
296,Sauce - Chili,Ukraine
297,Muffin Hinge Container 6,Russia
298,Puree - Mango,Ukraine
299,Cabbage - Red,Indonesia
300,"Beans - Turtle, Black, Dry",Indonesia
301,Rabbit - Frozen,Finland
302,"Bread - Pumpernickle, Rounds",Argentina
303,Artichokes - Jerusalem,Japan
304,Wine - Duboeuf Beaujolais,Indonesia
305,Dc - Frozen Momji,Philippines
306,Icecream - Dstk Super Cone,Ireland
307,Puff Pastry - Slab,Nigeria
308,Danishes - Mini Raspberry,China
309,Rabbit - Whole,Iran
310,Eggplant - Asian,South Korea
311,Goat - Leg,Russia
312,"Coffee - Colombian, Portioned",South Africa
313,Fenngreek Seed,Philippines
314,Tea - Apple Green Tea,China
315,Shrimp - Black Tiger 8 - 12,Indonesia
316,Tea - Earl Grey,Canada
317,Muffin Mix - Chocolate Chip,Poland
318,"Wine - White, Concha Y Toro",China
319,Fennel,Namibia
320,Grapes - Red,China
321,Pecan Raisin - Tarts,China
322,Food Colouring - Red,Ukraine
323,Sultanas,China
324,Pepper - Green,France
325,"Thyme - Lemon, Fresh",Ecuador
326,Wakami Seaweed,China
327,Table Cloth 54x72 Colour,Philippines
328,"Chicken - Base, Ultimate",Portugal
329,Alize Sunset,Portugal
330,Cabbage - Nappa,Philippines
331,Island Oasis - Strawberry,Philippines
332,Sea Bass - Whole,Indonesia
333,"Appetizer - Spring Roll, Veg",Philippines
334,Chips Potato Reg 43g,China
335,Wine - Blue Nun Qualitatswein,Greece
336,Breakfast Quesadillas,Syria
337,"Carrots - Mini, Stem On",Armenia
338,Juice - Lemon,China
339,Muffin - Mix - Bran And Maple 15l,Philippines
340,Banana,Argentina
341,Lobak,China
342,"Beef - Bones, Marrow",China
343,Bread - Rye,Pakistan
344,Shichimi Togarashi Peppeers,Finland
345,Green Tea Refresher,Vietnam
346,Sea Urchin,Brazil
347,Dehydrated Kelp Kombo,Thailand
348,Rice - Sushi,Brazil
349,Blouse / Shirt / Sweater,Philippines
350,Persimmons,Peru
351,Cut Wakame - Hanawakaba,Brazil
352,Cod - Fillets,Brazil
353,Sage - Rubbed,Nigeria
354,Wine - Fume Blanc Fetzer,China
355,Flower - Leather Leaf Fern,Mauritius
356,Sauce - Demi Glace,Luxembourg
357,Pecan Raisin - Tarts,Brazil
358,Bread - Sour Sticks With Onion,Norway
359,"Nut - Walnut, Pieces",Mongolia
360,Lemon Pepper,Tunisia
361,"Gingerale - Schweppes, 355 Ml",France
362,Chicken Breast Wing On,China
363,Cornflakes,Indonesia
364,"Oil - Truffle, White",China
365,Pepper - Roasted Red,Democratic Republic of the Congo
366,Muffin Mix - Chocolate Chip,Mexico
367,Milk Powder,China
368,Lamb - Ground,Argentina
369,"Mushroom - Porcini, Dry",China
370,Tahini Paste,China
371,Lettuce - Iceberg,Venezuela
372,Lettuce - Frisee,Thailand
373,"Nut - Chestnuts, Whole",Costa Rica
374,Sugar Thermometer,Yemen
375,Wine - Valpolicella Masi,China
376,Cookies Cereal Nut,Brazil
377,Muffin - Mix - Bran And Maple 15l,Ethiopia
378,Soup - Campbells Asian Noodle,China
379,Apple - Royal Gala,Russia
380,Star Fruit,Serbia
381,Tart - Lemon,China
382,Carbonated Water - Strawberry,Greece
383,Cup Translucent 9 Oz,Serbia
384,Pear - Packum,Mexico
385,"Turkey - Breast, Double",France
386,Yukon Jack,China
387,Slt - Individual Portions,Poland
388,Juice - Mango,Spain
389,Tomatoes Tear Drop,Portugal
390,Chocolate - Unsweetened,Portugal
391,"Bread - Sticks, Thin, Plain",Finland
392,Nantucket - 518ml,Thailand
393,Muffin - Mix - Mango Sour Cherry,Czech Republic
394,Schnappes Peppermint - Walker,Indonesia
395,Bread - Corn Muffaleta Onion,Vietnam
396,Muffin - Mix - Strawberry Rhubarb,Indonesia
397,"Pork - Bacon,back Peameal",Afghanistan
398,V8 Pet,Portugal
399,Mix Pina Colada,Tanzania
400,"Chicken - Diced, Cooked",China
401,Chicken - Base,United States
402,Tuna - Yellowfin,Nigeria
403,Bols Melon Liqueur,United States
404,"Beef - Roasted, Cooked",China
405,Wine - Fino Tio Pepe Gonzalez,Ireland
406,Pecan Raisin - Tarts,Zimbabwe
407,"Cheese - Mozzarella, Buffalo",Russia
408,Chef Hat 20cm,Philippines
409,Rice Paper,Ukraine
410,Gatorade - Xfactor Berry,Poland
411,Sugar - Fine,Norway
412,Wanton Wrap,China
413,Dragon Fruit,France
414,Kellogs Raisan Bran Bars,Portugal
415,Sprouts - China Rose,Russia
416,"Nut - Pine Nuts, Whole",Botswana
417,Gloves - Goldtouch Disposable,Mongolia
418,Filter - Coffee,Iran
419,Tuna - Salad Premix,Germany
420,Beef - Top Sirloin - Aaa,Australia
421,Cheese - Stilton,United States
422,Broom Handle,Afghanistan
423,"Peas - Pigeon, Dry",Philippines
424,Arizona - Plum Green Tea,Egypt
425,Mix - Cocktail Ice Cream,Serbia
426,Beef Cheek Fresh,Indonesia
427,Black Currants,Indonesia
428,Container - Clear 32 Oz,Sweden
429,Godiva White Chocolate,Russia
430,Dasheen,United States
431,"Pepper - Chillies, Crushed",Colombia
432,Nori Sea Weed - Gold Label,Peru
433,"Pork - Loin, Bone - In",Ukraine
434,Cake - Pancake,Argentina
435,Beer - True North Strong Ale,Russia
436,Icecream - Dstk Strw Chseck,Indonesia
437,Nestea - Iced Tea,Czech Republic
438,"Yeast - Fresh, Fleischman",Taiwan
439,Wine - Chenin Blanc K.w.v.,Indonesia
440,"Nut - Walnut, Chopped",China
441,Squid - Breaded,Czech Republic
442,Wine - Clavet Saint Emilion,China
443,Beer - Sleemans Cream Ale,Madagascar
444,Nut - Macadamia,Albania
445,Bagelers - Cinn / Brown Sugar,Syria
446,"Lamb - Shoulder, Boneless",Democratic Republic of the Congo
447,Appetizer - Seafood Assortment,Philippines
448,Sauce - Soy Low Sodium - 3.87l,Greece
449,Turnip - Mini,Portugal
450,Papayas,Philippines
451,Carrots - Jumbo,China
452,"Vermouth - White, Cinzano",Argentina
453,Flour - Strong Pizza,Nepal
454,"Loaf Pan - 2 Lb, Foil",Sweden
455,Scallops - 20/30,Venezuela
456,Aromat Spice / Seasoning,Colombia
457,Pork - Smoked Kassler,Nigeria
458,"Wine - White, Mosel Gold",Yemen
459,Milk - Condensed,Ukraine
460,Aromat Spice / Seasoning,Brazil
461,Cocktail Napkin Blue,Indonesia
462,Syrup - Monin - Passion Fruit,Philippines
463,Calypso - Pineapple Passion,Philippines
464,Cinnamon Rolls,United States
465,Sauce - Sesame Thai Dressing,China
466,Oil - Avocado,Indonesia
467,Dasheen,Philippines
468,Table Cloth 72x144 White,Honduras
469,Anchovy Fillets,Netherlands
470,Wine - Chianti Classica Docg,Serbia
471,"Soup - Campbells, Creamy",China
472,Bols Melon Liqueur,Iran
473,"Nut - Peanut, Roasted",Thailand
474,Dasheen,United States
475,Ecolab - Lime - A - Way 4/4 L,China
476,Tumeric,Indonesia
477,Papayas,China
478,"Beef - Ground, Extra Lean, Fresh",China
479,Wine - Gewurztraminer Pierre,Philippines
480,Cleaner - Lime Away,Canada
481,"Wine - Red, Antinori Santa",Argentina
482,Cake - Box Window 10x10x2.5,Brazil
483,Shortbread - Cookie Crumbs,Iran
484,Cranberries - Dry,Poland
485,Nescafe - Frothy French Vanilla,Philippines
486,Heavy Duty Dust Pan,Portugal
487,Chips - Potato Jalapeno,Saudi Arabia
488,Assorted Desserts,Argentina
489,Bonito Flakes - Toku Katsuo,Indonesia
490,Beef - Salted,Colombia
491,"Asparagus - White, Canned",China
492,Salami - Genova,Colombia
493,Lobster - Canned Premium,United States
494,"Lamb - Leg, Bone In",Russia
495,"Yogurt - Raspberry, 175 Gr",Poland
496,Butter - Pod,Peru
497,"Wine - Sherry Dry Sack, William",France
498,"Bread - Pumpernickle, Rounds",Ethiopia
499,Vector Energy Bar,Indonesia
500,Mustard - Individual Pkg,Czech Republic
501,Juice - Happy Planet,Egypt
502,Melon - Honey Dew,Philippines
503,Lettuce - Boston Bib - Organic,China
504,Bread - Rosemary Focaccia,Sweden
505,Currants,Argentina
506,"Trout - Rainbow, Frozen",China
507,Spice - Chili Powder Mexican,Peru
508,Chocolate Bar - Coffee Crisp,China
509,Beef - Striploin,United States
510,Sauce - Oyster,Mexico
511,Shallots,Nicaragua
512,"Juice - Clam, 46 Oz",Indonesia
513,Sauce - Salsa,Latvia
514,Salmon - Canned,Zimbabwe
515,Turkey Leg With Drum And Thigh,Afghanistan
516,Wine - Kwv Chenin Blanc South,Indonesia
517,Icecream - Dstk Cml And Fdg,Brazil
518,Rice Paper,Argentina
519,Juice - Mango,Brazil
520,Cotton Wet Mop 16 Oz,United Kingdom
521,Pepper - Cayenne,China
522,Wine - Chardonnay Mondavi,Luxembourg
523,Initation Crab Meat,Palau
524,Sobe - Green Tea,Costa Rica
525,"Nut - Pistachio, Shelled",China
526,Sloe Gin - Mcguinness,Sri Lanka
527,"Soup - Campbells, Minestrone",Brazil
528,Chicken - Whole,Poland
529,"Lentils - Red, Dry",Sweden
530,"Beef - Bones, Cut - Up",France
531,Capicola - Hot,Slovenia
532,Broom And Brush Rack Black,Philippines
533,Coriander - Seed,Malaysia
534,Greens Mustard,China
535,Bread - Calabrese Baguette,Ecuador
536,Wine - Rubyport,Portugal
537,Wine - Blue Nun Qualitatswein,China
538,Coffee - Frthy Coffee Crisp,Mongolia
539,Peach - Halves,Philippines
540,Cheese - Comte,Botswana
541,Artichokes - Jerusalem,Ireland
542,Versatainer Nc - 9388,United States
543,Table Cloth 81x81 White,China
544,Basil - Seedlings Cookstown,Saudi Arabia
545,Tea - Herbal Sweet Dreams,Japan
546,Barramundi,Brazil
547,Meldea Green Tea Liquor,Israel
548,Clams - Canned,Democratic Republic of the Congo
549,Macaroons - Two Bite Choc,Malaysia
550,"Shrimp, Dried, Small / Lb",Indonesia
551,Cranberries - Dry,Mexico
552,"Juice - Tomato, 10 Oz",Brazil
553,Limes,France
554,Veal - Insides Provini,Greece
555,Wine - Manischewitz Concord,Indonesia
556,Wine - Cotes Du Rhone Parallele,China
557,Turkey - Oven Roast Breast,Brazil
558,Danishes - Mini Cheese,Russia
559,"Turnip - White, Organic",China
560,Oats Large Flake,Russia
561,"Trout - Rainbow, Fresh",China
562,Cookies - Amaretto,France
563,Honey - Comb,China
564,Yucca,China
565,Thyme - Fresh,Russia
566,Blueberries,Indonesia
567,The Pop Shoppe - Lime Rickey,France
568,Passion Fruit,Mexico
569,"Bread - Pumpernickle, Rounds",China
570,Pickle - Dill,Indonesia
571,Duck - Whole,Slovenia
572,Dome Lid Clear P92008h,Russia
573,Ice Cream Bar - Oreo Sandwich,Colombia
574,Bag - Regular Kraft 20 Lb,Sweden
575,Chocolate Bar - Smarties,Indonesia
576,Chicken Breast Wing On,Russia
577,Spice - Montreal Steak Spice,Peru
578,Wine - Fat Bastard Merlot,Japan
579,Snapple - Iced Tea Peach,Ukraine
580,Contreau,Yemen
581,Couscous,Luxembourg
582,Cake - Cake Sheet Macaroon,Malta
583,Wine - Riesling Alsace Ac 2001,Czech Republic
584,Blueberries - Frozen,Russia
585,Ecolab Silver Fusion,Nigeria
586,Sobe - Lizard Fuel,Colombia
587,Tea Leaves - Oolong,China
588,Mcgillicuddy Vanilla Schnap,Poland
589,Pepper - Chili Powder,China
590,"Coconut - Creamed, Pure",Poland
591,Ecolab - Ster Bac,China
592,Chicken - Whole Roasting,Russia
593,Butter - Pod,Poland
594,"Soda Water - Club Soda, 355 Ml",China
595,Wine - Sawmill Creek Autumn,United States
596,Yogurt - Plain,China
597,Flavouring Vanilla Artificial,Norway
598,"Yogurt - Raspberry, 175 Gr",China
599,Shrimp - Black Tiger 6 - 8,Colombia
600,"Syrup - Monin, Amaretta",United States
601,Ginger - Ground,China
602,Wine - Chianti Classico Riserva,Greece
603,Creme De Cacao White,Brazil
604,"Wine - White, French Cross",Nepal
605,Bread Fig And Almond,Peru
606,Cucumber - English,Ukraine
607,Bread - Assorted Rolls,Bosnia and Herzegovina
608,Tuna - Sushi Grade,Philippines
609,Sobe - Lizard Fuel,United States
610,Carbonated Water - Raspberry,China
611,Nantuket Peach Orange,Greece
612,Rice Paper,Indonesia
613,Table Cloth 54x72 White,Ghana
614,Chip - Potato Dill Pickle,Poland
615,Green Tea Refresher,Peru
616,Extract - Rum,Albania
617,Crackers Cheez It,United States
618,Crab Brie In Phyllo,Japan
619,"Veal - Inside, Choice",Macedonia
620,Pepper - Red Chili,Netherlands
621,"Cheese - Cheddar, Old White",Luxembourg
622,Foam Dinner Plate,Russia
623,"Chicken - White Meat, No Tender",Brazil
624,Tomato - Plum With Basil,Colombia
625,Jolt Cola - Electric Blue,Indonesia
626,"Crab - Claws, Snow 16 - 24",China
627,Dome Lid Clear P92008h,Russia
628,Swordfish Loin Portions,Colombia
629,Lobster - Cooked,Canada
630,Olives - Stuffed,Greece
631,Butter - Unsalted,Vietnam
632,Ice Cream Bar - Drumstick,Ecuador
633,Kolrabi,Sweden
634,Chocolate - Semi Sweet,Czech Republic
635,Tea - Earl Grey,Sweden
636,Mustard - Seed,China
637,Irish Cream - Baileys,Uganda
638,Maple Syrup,Brazil
639,Limes,Bulgaria
640,Absolut Citron,Czech Republic
641,Bread Base - Italian,Indonesia
642,Cheese - Perron Cheddar,Greece
643,Beer - Fruli,Russia
644,Flour - Semolina,Iraq
645,Dome Lid Clear P92008h,Czech Republic
646,Pie Filling - Apple,Ukraine
647,Alize Sunset,Brazil
648,Icecream Bar - Del Monte,Cuba
649,"Sauce - Bernaise, Mix",China
650,Wiberg Super Cure,Brazil
651,Scallops - U - 10,Indonesia
652,Milk - 2% 250 Ml,China
653,"Dill - Primerba, Paste",Colombia
654,Shrimp - 31/40,Australia
655,Oil - Olive Bertolli,China
656,True - Vue Containers,Bulgaria
657,Cheese - Pont Couvert,Nigeria
658,Squeeze Bottle,China
659,"Rum - White, Gg White",China
660,Kiwi Gold Zespri,Mexico
661,Cranberry Foccacia,Sweden
662,Ecolab - Hobart Washarm End Cap,Sweden
663,Glass Clear 8 Oz,Philippines
664,Wine - Gewurztraminer Pierre,Indonesia
665,Papayas,Bangladesh
666,Kohlrabi,China
667,Chips - Miss Vickies,New Caledonia
668,Bread - Olive,France
669,"Nut - Walnut, Pieces",Russia
670,Pepper - Jalapeno,Brazil
671,Bread Sour Rolls,Kazakhstan
672,Wheat - Soft Kernal Of Wheat,Nigeria
673,Wine - Fat Bastard Merlot,China
674,Steam Pan Full Lid,China
675,Hot Chocolate - Individual,France
676,Snapple - Mango Maddness,New Zealand
677,Fruit Mix - Light,Tanzania
678,Vinegar - Champagne,Kuwait
679,Basil - Seedlings Cookstown,Honduras
680,Lamb Tenderloin Nz Fr,Sweden
681,Okra,Pakistan
682,"Wine - Mas Chicet Rose, Vintage",Colombia
683,"Juice - Apple, 500 Ml",Malta
684,"Nut - Hazelnut, Whole",Russia
685,"Wine - White, Concha Y Toro",Brazil
686,Appetizer - Seafood Assortment,Russia
687,"Sparkling Wine - Rose, Freixenet",Poland
688,"Cheese - Mozzarella, Buffalo",Greece
689,Wine - Zinfandel Rosenblum,China
690,Langers - Cranberry Cocktail,Thailand
691,Cheese - Marble,Brazil
692,Wine - Cave Springs Dry Riesling,Afghanistan
693,Cheese - Augre Des Champs,Burkina Faso
694,Sweet Pea Sprouts,Taiwan
695,Wine - Periguita Fonseca,United States
696,Oil - Safflower,Philippines
697,Glass - Juice Clear 5oz 55005,Mexico
698,Truffle - Whole Black Peeled,Poland
699,Danishes - Mini Raspberry,China
700,Soup - Campbells Beef Noodle,Bosnia and Herzegovina
701,Banana,Canada
702,Chicken - Wieners,United States
703,Tea - Lemon Scented,Pakistan
704,Bar Bran Honey Nut,Portugal
705,Wine - Fino Tio Pepe Gonzalez,Malta
706,Bread - Focaccia Quarter,China
707,"Stock - Veal, Brown",Colombia
708,Wine - Chablis J Moreau Et Fils,Indonesia
709,Beans - Soya Bean,Canada
710,Chips Potato Reg 43g,Philippines
711,General Purpose Trigger,Japan
712,"Pasta - Linguini, Dry",Yemen
713,Bread - Mini Hamburger Bun,Colombia
714,Wine - Marlbourough Sauv Blanc,Mexico
715,Ice Cream - Turtles Stick Bar,Russia
716,Garlic,China
717,Chocolate - White,Poland
718,Food Colouring - Pink,Bulgaria
719,Cassis,Colombia
720,Ham - Cooked Bayonne Tinned,China
721,Sugar - Splenda Sweetener,China
722,Bread - Pumpernickel,Indonesia
723,Haggis,Nigeria
724,Cabbage - Savoy,Norway
725,"Wine - White, French Cross",China
726,Onions - Green,Indonesia
727,Sauce - Plum,Peru
728,Creme De Cacao Mcguines,China
729,Basil - Seedlings Cookstown,Brazil
730,Beer - True North Lager,Portugal
731,Mint - Fresh,Philippines
732,Fudge - Cream Fudge,Iran
733,Wine - Chardonnay Mondavi,El Salvador
734,Orange - Blood,China
735,Bulgar,China
736,Island Oasis - Raspberry,Canada
737,"Pasta - Orzo, Dry",France
738,Cranberries - Dry,France
739,Wine - Soave Folonari,Argentina
740,Wine - Port Late Bottled Vintage,Poland
741,"Pasta - Lasagna Noodle, Frozen",China
742,"Capon - Breast, Wing On",Mexico
743,Broom Handle,Netherlands
744,Pectin,Ukraine
745,Egg Patty Fried,Portugal
746,Wine - Cotes Du Rhone Parallele,China
747,Jolt Cola,South Korea
748,Milk - 2%,China
749,Wine - Pinot Noir Latour,Argentina
750,Wine - Trimbach Pinot Blanc,Thailand
751,Flour - Fast / Rapid,Indonesia
752,Wine - Chablis 2003 Champs,China
753,"Nut - Almond, Blanched, Ground",Indonesia
754,Wine - Merlot Vina Carmen,Poland
755,Scallops - U - 10,China
756,Maintenance Removal Charge,China
757,Calypso - Pineapple Passion,Philippines
758,Shiratamako - Rice Flour,United States
759,"Veal - Inside, Choice",Burundi
760,"Wine - Red, Mosaic Zweigelt",China
761,General Purpose Trigger,Czech Republic
762,Tia Maria,Thailand
763,Sauce - Hp,China
764,Milk - 1%,Philippines
765,Amaretto,Greece
766,Wine - Hardys Bankside Shiraz,United States
767,Muffin Batt - Choc Chk,China
768,Wine - Sake,Canada
769,"Pepper - Chillies, Crushed",Spain
770,Lettuce - Red Leaf,Brazil
771,Irish Cream - Baileys,Zambia
772,"Beef - Ground, Extra Lean, Fresh",United Kingdom
773,Table Cloth 54x54 Colour,Panama
774,"Seedlings - Buckwheat, Organic",China
775,Curry Paste - Madras,Thailand
776,Ecolab - Lime - A - Way 4/4 L,Czech Republic
777,Chevril,Peru
778,"Extract - Vanilla,artificial",Ukraine
779,Sea Bass - Whole,China
780,"Turkey - Breast, Boneless Sk On",Czech Republic
781,Wine - Spumante Bambino White,Taiwan
782,Broom And Broom Rack White,Indonesia
783,"Pasta - Shells, Medium, Dry",Indonesia
784,Icecream Cone - Areo Chocolate,China
785,"Juice - Tomato, 48 Oz",Mexico
786,Beer - Moosehead,Portugal
787,Lettuce - Baby Salad Greens,Democratic Republic of the Congo
788,Fiddlehead - Frozen,Japan
789,Clementine,Russia
790,Bols Melon Liqueur,China
791,"Nut - Pine Nuts, Whole",Mauritania
792,Mushroom - Crimini,Uganda
793,The Pop Shoppe - Root Beer,China
794,Pumpkin,Argentina
795,Cabbage - Nappa,Malaysia
796,"Tuna - Canned, Flaked, Light",Panama
797,Kellogs All Bran Bars,Canada
798,Chocolate - Compound Coating,Venezuela
799,Cheese - Goat With Herbs,Zimbabwe
800,"Bread - Pullman, Sliced",Venezuela
801,"Stock - Veal, Brown",Mexico
802,Turkey - Oven Roast Breast,Indonesia
803,Lettuce - Treviso,China
804,Gherkin,Netherlands
805,Melon - Honey Dew,France
806,Bouillion - Fish,Greece
807,Silicone Parch. 16.3x24.3,Colombia
808,Rice - Basmati,Brazil
809,"Fish - Soup Base, Bouillon",Nicaragua
810,Pastrami,China
811,"Nut - Pecan, Halves",Luxembourg
812,Cheese - Le Cru Du Clocher,Ukraine
813,"Bread - White, Sliced",Indonesia
814,Kale - Red,Greece
815,Trueblue - Blueberry 12x473ml,Serbia
816,Fruit Mix - Light,Indonesia
817,"Shrimp - 16/20, Peeled Deviened",Sweden
818,Salmon Steak - Cohoe 6 Oz,Mexico
819,Calypso - Black Cherry Lemonade,Canada
820,Veal - Leg,Tanzania
821,Venison - Ground,China
822,Muffin - Mix - Mango Sour Cherry,Greece
823,"Extract - Vanilla,artificial",Colombia
824,Soup - Campbells - Tomato,Slovenia
825,"Yogurt - Banana, 175 Gr",China
826,Carbonated Water - Peach,Indonesia
827,Muffin Mix - Corn Harvest,Argentina
828,Sugar - Cubes,Brazil
829,Beef Striploin Aaa,Norway
830,Bay Leaf Ground,China
831,Soup Bowl Clear 8oz92008,Finland
832,"Marjoram - Dried, Rubbed",Germany
833,Liners - Baking Cups,Syria
834,"Pasta - Cappellini, Dry",Peru
835,Taro Root,Saint Lucia
836,"Arctic Char - Fresh, Whole",Poland
837,Bagelers,China
838,Oranges,China
839,Icecream Cone - Areo Chocolate,Slovenia
840,Coriander - Ground,Brazil
841,Beef - Top Butt Aaa,China
842,Chick Peas - Canned,Ireland
843,Scallops 60/80 Iqf,Indonesia
844,Pepper - Roasted Red,Ukraine
845,Wine - Jafflin Bourgongone,China
846,Pastry - Mini French Pastries,Colombia
847,Ecolab - Ster Bac,France
848,Coconut - Whole,Haiti
849,Pickles - Gherkins,Japan
850,Noodles - Steamed Chow Mein,Czech Republic
851,"Chilli Paste, Sambal Oelek",Costa Rica
852,Celery,United States
853,"Octopus - Baby, Cleaned",China
854,"Shrimp, Dried, Small / Lb",Nigeria
855,Wine - Jafflin Bourgongone,China
856,"Oranges - Navel, 72",Portugal
857,Yoplait Drink,Peru
858,Longos - Cheese Tortellini,China
859,Chicken Thigh - Bone Out,Cuba
860,Cheese - Cambozola,Mexico
861,Wiberg Cure,China
862,Vegetable - Base,Japan
863,Lobster - Base,Sri Lanka
864,Soup Campbells Turkey Veg.,Venezuela
865,"Red Snapper - Fillet, Skin On",Peru
866,"Pork - Ham, Virginia",Saudi Arabia
867,Soho Lychee Liqueur,Guatemala
868,Cheese - Comte,Ukraine
869,Appetizer - Veg Assortment,Haiti
870,Wine - Fontanafredda Barolo,Portugal
871,"Oil - Olive, Extra Virgin",Sudan
872,French Pastry - Mini Chocolate,Philippines
873,Cheese - Mascarpone,Portugal
874,Onions - Cippolini,Sweden
875,Pear - Prickly,Brazil
876,Chocolate Bar - Smarties,Zimbabwe
877,"Crab - Blue, Frozen",Indonesia
878,"Chilli Paste, Sambal Oelek",Indonesia
879,Flour - Teff,Philippines
880,"Sauce - Gravy, Au Jus, Mix",Russia
881,"Pork - Chop, Frenched",Zimbabwe
882,Tea - Lemon Green Tea,Syria
883,Roe - Flying Fish,Togo
884,Vinegar - Raspberry,Brazil
885,Bread Fig And Almond,Haiti
886,Spice - Greek 1 Step,Ukraine
887,Clementine,Indonesia
888,Lime Cordial - Roses,Philippines
889,Catfish - Fillets,China
890,"Shrimp - Baby, Cold Water",Portugal
891,White Baguette,Russia
892,Wine - Ruffino Chianti Classico,Syria
893,Oil - Hazelnut,Philippines
894,Coriander - Ground,Indonesia
895,Cake - Box Window 10x10x2.5,Czech Republic
896,Sugar - Icing,Iran
897,Crackers - Trio,Greece
898,Tobasco Sauce,Indonesia
899,Puree - Strawberry,China
900,Cheese - Le Cheve Noir,France
901,Ecolab - Power Fusion,Russia
902,Lobak,Czech Republic
903,Muffin Mix - Corn Harvest,Brazil
904,"Bread - Bagels, Mini",Bangladesh
905,Scallops - Live In Shell,Greece
906,Cheese - Shred Cheddar / Mozza,Ukraine
907,"Wine - Red, Pinot Noir, Chateau",Philippines
908,"Pasta - Shells, Medium, Dry",Afghanistan
909,Oxtail - Cut,New Zealand
910,Wine - Maipo Valle Cabernet,Ukraine
911,"Beer - Alexander Kieths, Pale Ale",Czech Republic
912,Shichimi Togarashi Peppeers,Sweden
913,Flax Seed,Russia
914,"Lentils - Green, Dry",Brazil
915,Glass Clear 8 Oz,Syria
916,Peppercorns - Pink,Belarus
917,Snapple Lemon Tea,Russia
918,Soup - Campbells Mac N Cheese,France
919,Flour - All Purpose,China
920,Transfer Sheets,Ukraine
921,Wine - Placido Pinot Grigo,Argentina
922,Anchovy Paste - 56 G Tube,France
923,Flour - Masa De Harina Mexican,Slovenia
924,"Beans - Fava, Canned",Indonesia
925,"Juice - Apple, 341 Ml",China
926,Raspberries - Fresh,Argentina
927,Shrimp - Black Tiger 13/15,Germany
928,Oil - Sesame,Poland
929,Parsley - Dried,Poland
930,Carrots - Jumbo,France
931,Blackberries,China
932,Towels - Paper / Kraft,France
933,"Veal - Insides, Grains",Venezuela
934,"Stock - Veal, Brown",Nigeria
935,Soup Knorr Chili With Beans,Canada
936,Wine - Casillero Del Diablo,Thailand
937,Sauce - Hp,Russia
938,Syrup - Chocolate,Portugal
939,Shrimp - Black Tiger 13/15,Indonesia
940,Cake Sheet Combo Party Pack,Ukraine
941,Spinach - Baby,China
942,Muffin Batt - Ban Dream Zero,Malta
943,Island Oasis - Lemonade,Russia
944,Tilapia - Fillets,Brazil
945,Cheese - Taleggio D.o.p.,Argentina
946,"Stock - Chicken, White",Portugal
947,Flower - Daisies,Indonesia
948,Yogurt - Assorted Pack,Afghanistan
949,Coconut Milk - Unsweetened,Indonesia
950,"Chicken - Leg, Fresh",France
951,Oil - Shortening - All - Purpose,Afghanistan
952,Chips - Miss Vickies,Indonesia
953,Chervil - Fresh,Poland
954,Beer - Fruli,Ivory Coast
955,Wine - Semi Dry Riesling Vineland,Mexico
956,Ecolab - Power Fusion,Indonesia
957,"Flour - Buckwheat, Dark",Indonesia
958,Cheese - La Sauvagine,Zambia
959,Sauce - Plum,Ukraine
960,Sage Derby,Brazil
961,Wine - Touraine Azay - Le - Rideau,China
962,Maple Syrup,China
963,Pepper - Jalapeno,Namibia
964,Bag Stand,Russia
965,Zucchini - Yellow,Thailand
966,Cheese - Mozzarella,Philippines
967,Jam - Raspberry,Mauritania
968,"Crab - Blue, Frozen",United States
969,Mix Pina Colada,Ukraine
970,Appetizer - Cheese Bites,Norway
971,Cheese Cheddar Processed,Russia
972,Pomello,Bosnia and Herzegovina
973,Beer - Pilsner Urquell,Poland
974,Potatoes - Mini Red,Philippines
975,French Pastry - Mini Chocolate,Nigeria
976,"Mushroom - Porcini, Dry",China
977,Wine - Gewurztraminer Pierre,Bulgaria
978,"Yogurt - Cherry, 175 Gr",Portugal
979,Cloves - Whole,Colombia
980,Sausage - Andouille,Russia
981,Onions - Pearl,Russia
982,Bay Leaf Fresh,Ukraine
983,Beef Tenderloin Aaa,Ukraine
984,Crackers - Soda / Saltins,Russia
985,Shopper Bag - S - 4,Philippines
986,Fuji Apples,Ukraine
987,Tarts Assorted,Russia
988,Duck - Whole,Switzerland
989,Spinach - Spinach Leaf,Poland
990,Table Cloth 54x54 Colour,Czech Republic
991,Bread - Wheat Baguette,Greece
992,"Mushroom - Enoki, Dry",Indonesia
993,"Pasta - Detalini, White, Fresh",China
994,Chickensplit Half,Nepal
995,Vinegar - Balsamic,Colombia
996,Fork - Plastic,Paraguay
997,Isomalt,Serbia
998,"Chicken - Leg, Boneless",Niger
999,Pastrami,Argentina
1000,Salmon - Fillets,China
